Channel Id,Channel Url,Channel Title
UC415bOPUcGSamy543abLmRA,http://www.youtube.com/channel/UC415bOPUcGSamy543abLmRA,Cleo Abram
UC55ODQSvARtgSyc8ThfiepQ,http://www.youtube.com/channel/UC55ODQSvARtgSyc8ThfiepQ,Sam Witteveen
UC5l7RouTQ60oUjLjt1Nh-UQ,http://www.youtube.com/channel/UC5l7RouTQ60oUjLjt1Nh-UQ,AI Revolution
UC8wZnXYK_CGKlBcZp-GxYPA,http://www.youtube.com/channel/UC8wZnXYK_CGKlBcZp-GxYPA,NeuralNine
UCBmwzQnSoj9b6HzNmFrg_yw,http://www.youtube.com/channel/UCBmwzQnSoj9b6HzNmFrg_yw,Google Workspace
UCHkzp52CldSPZqU5T49mOnA,http://www.youtube.com/channel/UCHkzp52CldSPZqU5T49mOnA,Mark Kashef
UCLI_f0zfE2Q9EWoJe_cAwRw,http://www.youtube.com/channel/UCLI_f0zfE2Q9EWoJe_cAwRw,Success With Sam
UCT7qSGoLqJ7g48y1v0uZerg,http://www.youtube.com/channel/UCT7qSGoLqJ7g48y1v0uZerg,Doga Ozgon
UCUcg6az6etU_gRtZVAhBXaw,http://www.youtube.com/channel/UCUcg6az6etU_gRtZVAhBXaw,Google Workspace Developers
UC_RovKmk0OCbuZjA8f08opw,http://www.youtube.com/channel/UC_RovKmk0OCbuZjA8f08opw,Futurepedia
UCbHAbP7Fh1cYRCNvJO6J5TQ,http://www.youtube.com/channel/UCbHAbP7Fh1cYRCNvJO6J5TQ,Angel Poon
UCe_V4f0SHqiRM6CN15igWEA,http://www.youtube.com/channel/UCe_V4f0SHqiRM6CN15igWEA,Cici
UChybxp01BB-9ImWA0wJKWyg,http://www.youtube.com/channel/UChybxp01BB-9ImWA0wJKWyg,ChemCoder
UCinyEr-Fly9Yp1zMFx_D0cQ,http://www.youtube.com/channel/UCinyEr-Fly9Yp1zMFx_D0cQ,Anik Singal
UCnzxPyNnn8jk4bHFk3JUBhA,http://www.youtube.com/channel/UCnzxPyNnn8jk4bHFk3JUBhA,Jono Catliff
UCuE6iwZKgGz8s6kznBRI9LQ,http://www.youtube.com/channel/UCuE6iwZKgGz8s6kznBRI9LQ,Developers Digest
UCw1iHB8lpp_xpvxfuvjW_ow,http://www.youtube.com/channel/UCw1iHB8lpp_xpvxfuvjW_ow,Lucy the AI Girl
UCxgAuX3XZROujMmGphN_scA,http://www.youtube.com/channel/UCxgAuX3XZROujMmGphN_scA,Mark Tilbury





